[{"model":"admin.logentry","pk":1,"fields":{"action_time":"2021-01-28T09:31:57.302Z","user":1,"content_type":3,"object_id":"1","object_repr":"Admins","action_flag":1,"change_message":"[{\"added\": {}}]"}},{"model":"admin.logentry","pk":2,"fields":{"action_time":"2021-01-28T09:34:48.859Z","user":1,"content_type":3,"object_id":"2","object_repr":"Teacher","action_flag":1,"change_message":"[{\"added\": {}}]"}},{"model":"admin.logentry","pk":3,"fields":{"action_time":"2021-01-28T09:36:06.634Z","user":1,"content_type":3,"object_id":"3","object_repr":"student","action_flag":1,"change_message":"[{\"added\": {}}]"}},{"model":"admin.logentry","pk":4,"fields":{"action_time":"2021-01-28T09:36:40.407Z","user":1,"content_type":6,"object_id":"1","object_repr":"admin","action_flag":2,"change_message":"[{\"changed\": {\"fields\": [\"Groups\"]}}]"}},{"model":"admin.logentry","pk":5,"fields":{"action_time":"2021-01-28T09:38:36.160Z","user":1,"content_type":6,"object_id":"2","object_repr":"HansLehrer","action_flag":1,"change_message":"[{\"added\": {}}]"}},{"model":"admin.logentry","pk":6,"fields":{"action_time":"2021-01-28T09:38:46.588Z","user":1,"content_type":6,"object_id":"2","object_repr":"HansLehrer","action_flag":2,"change_message":"[{\"changed\": {\"fields\": [\"Groups\"]}}]"}},{"model":"admin.logentry","pk":7,"fields":{"action_time":"2021-01-28T09:39:24.977Z","user":1,"content_type":6,"object_id":"3","object_repr":"PeterStudent","action_flag":1,"change_message":"[{\"added\": {}}]"}},{"model":"admin.logentry","pk":8,"fields":{"action_time":"2021-01-28T09:39:32.852Z","user":1,"content_type":6,"object_id":"3","object_repr":"PeterStudent","action_flag":2,"change_message":"[{\"changed\": {\"fields\": [\"Groups\"]}}]"}},{"model":"admin.logentry","pk":9,"fields":{"action_time":"2021-01-28T09:49:14.128Z","user":1,"content_type":6,"object_id":"4","object_repr":"JuliaStudent","action_flag":1,"change_message":"[{\"added\": {}}]"}},{"model":"admin.logentry","pk":10,"fields":{"action_time":"2021-01-28T09:49:21.182Z","user":1,"content_type":6,"object_id":"4","object_repr":"JuliaStudent","action_flag":2,"change_message":"[{\"changed\": {\"fields\": [\"Groups\"]}}]"}},{"model":"admin.logentry","pk":11,"fields":{"action_time":"2021-01-28T10:46:58.832Z","user":1,"content_type":8,"object_id":"4","object_repr":"JuliaStudent Karl V.  2021-01-28 10:51:00+00:00","action_flag":2,"change_message":"[{\"changed\": {\"fields\": [\"Content\", \"Title\"]}}]"}},{"model":"admin.logentry","pk":12,"fields":{"action_time":"2021-01-28T10:47:21.191Z","user":1,"content_type":8,"object_id":"3","object_repr":"JuliaStudent Friedrich III.  2021-01-28 10:50:00+00:00","action_flag":2,"change_message":"[{\"changed\": {\"fields\": [\"Content\", \"Title\"]}}]"}},{"model":"admin.logentry","pk":13,"fields":{"action_time":"2021-01-28T10:47:42.494Z","user":1,"content_type":8,"object_id":"2","object_repr":"PeterStudent Karl V.  2021-01-28 10:49:00+00:00","action_flag":2,"change_message":"[{\"changed\": {\"fields\": [\"Content\", \"Title\"]}}]"}},{"model":"admin.logentry","pk":14,"fields":{"action_time":"2021-01-28T10:47:51.204Z","user":1,"content_type":8,"object_id":"1","object_repr":"PeterStudent Karl V.  2021-01-28 10:49:00+00:00","action_flag":3,"change_message":""}},{"model":"auth.permission","pk":1,"fields":{"name":"Can add log entry","content_type":1,"codename":"add_logentry"}},{"model":"auth.permission","pk":2,"fields":{"name":"Can change log entry","content_type":1,"codename":"change_logentry"}},{"model":"auth.permission","pk":3,"fields":{"name":"Can delete log entry","content_type":1,"codename":"delete_logentry"}},{"model":"auth.permission","pk":4,"fields":{"name":"Can view log entry","content_type":1,"codename":"view_logentry"}},{"model":"auth.permission","pk":5,"fields":{"name":"Can add permission","content_type":2,"codename":"add_permission"}},{"model":"auth.permission","pk":6,"fields":{"name":"Can change permission","content_type":2,"codename":"change_permission"}},{"model":"auth.permission","pk":7,"fields":{"name":"Can delete permission","content_type":2,"codename":"delete_permission"}},{"model":"auth.permission","pk":8,"fields":{"name":"Can view permission","content_type":2,"codename":"view_permission"}},{"model":"auth.permission","pk":9,"fields":{"name":"Can add group","content_type":3,"codename":"add_group"}},{"model":"auth.permission","pk":10,"fields":{"name":"Can change group","content_type":3,"codename":"change_group"}},{"model":"auth.permission","pk":11,"fields":{"name":"Can delete group","content_type":3,"codename":"delete_group"}},{"model":"auth.permission","pk":12,"fields":{"name":"Can view group","content_type":3,"codename":"view_group"}},{"model":"auth.permission","pk":13,"fields":{"name":"Can add content type","content_type":4,"codename":"add_contenttype"}},{"model":"auth.permission","pk":14,"fields":{"name":"Can change content type","content_type":4,"codename":"change_contenttype"}},{"model":"auth.permission","pk":15,"fields":{"name":"Can delete content type","content_type":4,"codename":"delete_contenttype"}},{"model":"auth.permission","pk":16,"fields":{"name":"Can view content type","content_type":4,"codename":"view_contenttype"}},{"model":"auth.permission","pk":17,"fields":{"name":"Can add session","content_type":5,"codename":"add_session"}},{"model":"auth.permission","pk":18,"fields":{"name":"Can change session","content_type":5,"codename":"change_session"}},{"model":"auth.permission","pk":19,"fields":{"name":"Can delete session","content_type":5,"codename":"delete_session"}},{"model":"auth.permission","pk":20,"fields":{"name":"Can view session","content_type":5,"codename":"view_session"}},{"model":"auth.permission","pk":21,"fields":{"name":"Can add user","content_type":6,"codename":"add_studyburgsuser"}},{"model":"auth.permission","pk":22,"fields":{"name":"Can change user","content_type":6,"codename":"change_studyburgsuser"}},{"model":"auth.permission","pk":23,"fields":{"name":"Can delete user","content_type":6,"codename":"delete_studyburgsuser"}},{"model":"auth.permission","pk":24,"fields":{"name":"Can view user","content_type":6,"codename":"view_studyburgsuser"}},{"model":"auth.permission","pk":25,"fields":{"name":"Can add person","content_type":7,"codename":"add_person"}},{"model":"auth.permission","pk":26,"fields":{"name":"Can change person","content_type":7,"codename":"change_person"}},{"model":"auth.permission","pk":27,"fields":{"name":"Can delete person","content_type":7,"codename":"delete_person"}},{"model":"auth.permission","pk":28,"fields":{"name":"Can view person","content_type":7,"codename":"view_person"}},{"model":"auth.permission","pk":29,"fields":{"name":"Can add notes","content_type":8,"codename":"add_notes"}},{"model":"auth.permission","pk":30,"fields":{"name":"Can change notes","content_type":8,"codename":"change_notes"}},{"model":"auth.permission","pk":31,"fields":{"name":"Can delete notes","content_type":8,"codename":"delete_notes"}},{"model":"auth.permission","pk":32,"fields":{"name":"Can view notes","content_type":8,"codename":"view_notes"}},{"model":"auth.permission","pk":33,"fields":{"name":"Can add marriage","content_type":9,"codename":"add_marriage"}},{"model":"auth.permission","pk":34,"fields":{"name":"Can change marriage","content_type":9,"codename":"change_marriage"}},{"model":"auth.permission","pk":35,"fields":{"name":"Can delete marriage","content_type":9,"codename":"delete_marriage"}},{"model":"auth.permission","pk":36,"fields":{"name":"Can view marriage","content_type":9,"codename":"view_marriage"}},{"model":"auth.permission","pk":37,"fields":{"name":"Can add learned","content_type":10,"codename":"add_learned"}},{"model":"auth.permission","pk":38,"fields":{"name":"Can change learned","content_type":10,"codename":"change_learned"}},{"model":"auth.permission","pk":39,"fields":{"name":"Can delete learned","content_type":10,"codename":"delete_learned"}},{"model":"auth.permission","pk":40,"fields":{"name":"Can view learned","content_type":10,"codename":"view_learned"}},{"model":"auth.group","pk":1,"fields":{"name":"Admins","permissions":[1,2,3,4,9,10,11,12,5,6,7,8,13,14,15,16,17,18,19,20,37,38,39,40,33,34,35,36,29,30,31,32,25,26,27,28,21,22,23,24]}},{"model":"auth.group","pk":2,"fields":{"name":"Teacher","permissions":[4,9,10,11,12,8,16,20,37,38,39,40,36,29,30,31,32,25,26,27,28,22,24]}},{"model":"auth.group","pk":3,"fields":{"name":"student","permissions":[37,38,39,40,36,29,30,31,32,28,22,24]}},{"model":"contenttypes.contenttype","pk":1,"fields":{"app_label":"admin","model":"logentry"}},{"model":"contenttypes.contenttype","pk":2,"fields":{"app_label":"auth","model":"permission"}},{"model":"contenttypes.contenttype","pk":3,"fields":{"app_label":"auth","model":"group"}},{"model":"contenttypes.contenttype","pk":4,"fields":{"app_label":"contenttypes","model":"contenttype"}},{"model":"contenttypes.contenttype","pk":5,"fields":{"app_label":"sessions","model":"session"}},{"model":"contenttypes.contenttype","pk":6,"fields":{"app_label":"studyburgs","model":"studyburgsuser"}},{"model":"contenttypes.contenttype","pk":7,"fields":{"app_label":"studyburgs","model":"person"}},{"model":"contenttypes.contenttype","pk":8,"fields":{"app_label":"studyburgs","model":"notes"}},{"model":"contenttypes.contenttype","pk":9,"fields":{"app_label":"studyburgs","model":"marriage"}},{"model":"contenttypes.contenttype","pk":10,"fields":{"app_label":"studyburgs","model":"learned"}},{"model":"sessions.session","pk":"7yzqofd28pm7tx7in82ot9sscywr2is9","fields":{"session_data":".eJxVjDkOwjAUBe_iGlmJk_jblPQ5Q_Q34wCypSwV4u4oUgpo38y8t5lw3_K0r7pMs5irac3ldyPkp5YDyAPLvVquZVtmsodiT7rasYq-bqf7d5BxzUft1KlopxISAkbnKXklgNAiSMdCHqBhZPLU9MMQmblnH5QdpOjAfL4igDkz:1l53cy:rzEpU0W0Pk3eWzvxp161LAjOQ0DTcT4EqJw-HJU6FsM","expire_date":"2021-02-11T09:30:12.400Z"}},{"model":"sessions.session","pk":"nc40d7in096qpnkl8b9cqpn8i2rgepdw","fields":{"session_data":".eJxVjDkOwjAUBe_iGlmJk_jblPQ5Q_Q34wCypSwV4u4oUgpo38y8t5lw3_K0r7pMs5irac3ldyPkp5YDyAPLvVquZVtmsodiT7rasYq-bqf7d5BxzUft1KlopxISAkbnKXklgNAiSMdCHqBhZPLU9MMQmblnH5QdpOjAfL4igDkz:1l54nZ:5qbAZ8FR1silh01JGCw3kktFihN3xqTycWvJjcFqicc","expire_date":"2021-02-11T10:45:13.924Z"}},{"model":"studyburgs.person","pk":1,"fields":{"first_name":"Rudolf","ordinal_number":"I.","name_suffix":null,"date_of_birth":"1218-05-01","date_of_death":"1291-07-15","birthplace":"Baden-Württemberg","description":"Wahlspruch: „utrum lubet - wie es beliebt“\n\nGraf Rudolf von Habsburg war der erste Habsburger auf dem Thron des Heiligen Römischen Reiches. Mit ihm kam das Geschlecht der Habsburger aus seinem Stammgebiet in der Schweiz in den Donauraum, der zum Zentrum ihrer jahrhundertelangen Herrschaft wurde. Nachdem Rudolf seinen größten Widersacher, den böhmischen König Ottokar II. Premysl, besiegt hatte, belehnte er seine Söhne 1282 mit den Herzogtümern Österreich, Steiermark und Krain sowie mit der Windischen Mark.","gender":"m","picture_url":"https://www.habsburger.net/files/styles/portrait/public/images/special/koenig_rudolf_i._grabplatte_im_dom_zu_speyer_lithografie_1820_special.jpg","habsburg_ancestor":null}},{"model":"studyburgs.person","pk":2,"fields":{"first_name":"Albrecht","ordinal_number":"I.","name_suffix":null,"date_of_birth":"1255-01-01","date_of_death":"1308-05-01","birthplace":"Rheinfelden","description":"Albrecht wurde 1282 von seinem Vater Rudolf I. mit den Ländern an der Donau belehnt, die zum Zentrum der habsburgischen Macht werden sollten. Zunächst konnte er in diesen Gebieten die habsburgische Landesherrschaft sichern. 1298 wurde er zum römisch-deutschen König gewählt und bemühte sich, eine habsburgische Erbmonarchie zu errichten, was ihm aber nicht gelang. 1308 wurde er von seinem Neffen Johann „Parricida“ in der Schweiz ermordet, da dieser sich hintergangen fühlte.","gender":"m","picture_url":"https://www.habsburger.net/files/styles/portrait/public/images/special/koenig_albrecht_i._oel_auf_leinwand_1._haelfte_19._jahrhundert_special.jpg","habsburg_ancestor":1}},{"model":"studyburgs.person","pk":3,"fields":{"first_name":"Albrecht","ordinal_number":"II.","name_suffix":"der Weise","date_of_birth":"1298-12-31","date_of_death":"1258-07-20","birthplace":"Wien","description":"Herzog von Österreich und Steiermark; ab 1326 Regent in den Vorlanden, ab 1330 Herrscher in Österreich und der Steiermark. Herzog Albrecht II. erließ 1355 eine Hausordnung, die de facto die Unteilbarkeit der habsburgischen Länder vorsah. Diese Regelung war Ausdruck der habsburgischen Hausideologie, die sich auf ihr wichtigstes Herzogtum Österreich bezog. Albrecht verbrachte viel Zeit in Wien, das dadurch zunehmend zum Herrschaftszentrum wurde. Aufgrund einer zeitweiligen Lähmung erhielt er neben seinem Beinamen „der Weise“ auch jenen als „der Lahme“.","gender":"m","picture_url":"https://www.habsburger.net/files/styles/portrait/public/images/special/herzog_albrecht_ii._mit_seiner_gemahlin_lithografie_1820_special.jpg","habsburg_ancestor":2}},{"model":"studyburgs.person","pk":4,"fields":{"first_name":"Friedrich","ordinal_number":"III.","name_suffix":"der Schöne","date_of_birth":"1289-01-01","date_of_death":"1330-01-13","birthplace":"Wien","description":"Als Friedrich I. Herzog von Österreich und Steiermark; als Friedrich III. von 1314–1330 Römisch-Deutscher König (als Gegenkönig zu Ludwig IV. von Wittelsbach). Friedrich „der Schöne“, ein Sohn König Albrechts I., bemühte sich, die Nachfolge seines Vaters als römisch-deutscher König anzutreten. Er wurde allerdings 1322 in einer Ritterschlacht bei Mühldorf am Inn vom Heer des Wittelsbachers Ludwig IV. vernichtend geschlagen. Friedrich konnte zwar als Gegenkönig seinen Titel behalten, aber danach sollten die Habsburger für über 100 Jahre keinen römisch-deutschen König mehr stellen. ","gender":"m","picture_url":"https://www.habsburger.net/files/styles/portrait/public/images/special/friedrich_der_schoene_oel_auf_leinwand_1._haelfte_19._jahrhundert_special.jpg","habsburg_ancestor":2}},{"model":"studyburgs.person","pk":5,"fields":{"first_name":"Albrecht","ordinal_number":"III.","name_suffix":"mit dem Zopf","date_of_birth":"1349-11-01","date_of_death":"1395-08-28","birthplace":"Wien","description":"Herzog von Österreich ab 1365.  Die ersten Regierungsjahre Herzog Albrechts III. waren geprägt vom Drängen seines Bruders Leopold III. nach einer Teilung der habsburgischen Länder. 1379 kam es zu dieser Teilung, mit der die albertinische und die leopoldinische Linie des Hauses begründet wurden: Albrecht erhielt Nieder- und Oberösterreich, sein Bruder die übrigen Besitzungen. Albrecht strebte erfolglos nach der römisch-deutschen Königskrone. Seinen Beinamen „mit dem Zopf“ verdankt er der Gründung eines Ritterordens.","gender":"m","picture_url":"https://www.habsburger.net/files/styles/portrait/public/images/special/herzog_albrecht_iii._16._jahrhundert_special.jpg","habsburg_ancestor":3}},{"model":"studyburgs.person","pk":6,"fields":{"first_name":"Rudolf","ordinal_number":"IV.","name_suffix":"der Stifter","date_of_birth":"1339-11-01","date_of_death":"1365-07-27","birthplace":"Wien","description":"Herzog von Österreich und Steiermark, Kärnten und Krain (Regentschaftszeit 1358–1365); ab 1365 auch Graf von Tirol. Herzog Rudolf IV. war der einflussreichste Habsburger des 14. Jahrhunderts. Trotz seiner kurzen Lebenszeit von knapp 26 Jahren prägte er in politischer und kultureller Hinsicht sein Herrschaftsgebiet nachhaltig. Er ließ den Wiener Stephansdom ausbauen und gründete die Universität Wien, die „Alma Mater Rudolphina“. Außerdem veranlasste er mit dem „Privilegium maius“, einer Urkundenfälschung, die Rangerhöhung der Habsburger zu „Erzherzogen“. ","gender":"m","picture_url":"https://www.habsburger.net/files/styles/portrait/public/images/special/herzog_rudolf_iv._136065_special.jpg","habsburg_ancestor":3}},{"model":"studyburgs.person","pk":7,"fields":{"first_name":"Leopold","ordinal_number":"III.","name_suffix":"der Gerechte","date_of_birth":"1351-01-01","date_of_death":"1386-07-09","birthplace":"Wien","description":"Herzog von Österreich, Steiermark und Kärnten; ab 1379 Landesfürst in Steiermark, Kärnten, Krain, Tirol und den Vorlanden. Wahlspruch: „Virtuti nil invium - Nichts ist der Tugend zu schwer“ Leopold verwaltete in den 1360er Jahren Tirol und die habsburgischen Vorlande. Er drängte jedoch auf mehr Regierungsbeteiligung und erreichte schließlich 1379 von seinem Bruder Herzog Albrecht III. die Teilung der habsburgischen Länder: Leopold erhielt die Steiermark, Kärnten, Krain, die Windische Mark sowie Tirol und die Vorlande. Der Herzog fiel 1386 in einer Schlacht bei Sempach gegen die Schweizer Eidgenossen, wo sein Ritterheer vernichtend geschlagen wurde.","gender":"m","picture_url":"https://www.habsburger.net/files/styles/portrait/public/images/special/herzog_leopold_iii._mit_seiner_gemahlin_lithografie_1820_special.jpg","habsburg_ancestor":3}},{"model":"studyburgs.person","pk":8,"fields":{"first_name":"Albrecht","ordinal_number":"IV.","name_suffix":"der Geduldige","date_of_birth":"1377-09-19","date_of_death":"1404-09-14","birthplace":"Wien","description":"Herzog von Österreich ab 1395. Der einzige Sohn von Herzog Albrecht III. teilte sich zunächst die Herrschaft mit seinem Cousin Wilhelm. Er wurde aber zunehmend in Auseinandersetzungen mit seinen Verwandten aus der Linie seines Onkels Leopold III. verwickelt. Nach seinem Tod gingen die Streitigkeiten weiter und es kam zu neuerlichen Herrschaftsteilungen.","gender":"m","picture_url":"https://www.habsburger.net/files/styles/portrait/public/images/special/herzog_albrecht_iv._mit_seiner_gemahlin_lithografie_1820_special.jpg","habsburg_ancestor":5}},{"model":"studyburgs.person","pk":9,"fields":{"first_name":"Wilhelm","ordinal_number":null,"name_suffix":"der Ehrgeizige","date_of_birth":"1370-01-01","date_of_death":"1406-07-15","birthplace":"Wien","description":"Herzog von Steiermark, Kärnten und Krain ab 1386. Wilhelms Leben war von Streitigkeiten mit seinen Verwandten geprägt: Der älteste Sohn von Herzog Leopold III. teilte sich zunächst 1395 im Hollenburger Vertrag die Herrschaft mit seinem Cousin Albrecht IV. Nach einigen Jahren wurde seine Mitregierung auch auf seine Brüder Ernst und Friedrich ausgedehnt. Sein Tod 1406 führte zu schweren Auseinandersetzungen zwischen seinen Brüdern Leopold und Ernst. ","gender":"m","picture_url":"https://www.habsburger.net/files/styles/portrait/public/images/special/herzog_wilhelm_der_ehrgeizige_mit_seiner_ehemaligen_verlobten_und_seiner_gemahlin_lithografie_1820_special.jpg","habsburg_ancestor":7}},{"model":"studyburgs.person","pk":10,"fields":{"first_name":"Leopold","ordinal_number":null,"name_suffix":null,"date_of_birth":"1371-01-01","date_of_death":"1411-06-03","birthplace":"Wien","description":"Herzog von Steiermark und Österreich; Wechselnde Regentschaften: zunächst 1391– 1404 Regent in den Vorlanden, 1396 wurde seine Herrschaft auf Tirol erweitert; ab 1404 Landesfürst in der Steiermark, 1406 erweitert um die vormundschaftliche Regierung in Österreich. Das Leben Herzog Leopolds IV. war geprägt von den zahlreichen Familienkonflikten, die sich in der Linie seines Vaters, Herzog Leopolds III., um das Jahr 1400 entwickelten. 1395 wurden ihm zwar die westlichen Besitzungen der Habsburger zugesprochen, aber die Vereinbarungen wurden noch mehrmals verändert. Die familiären Differenzen führten letztlich zu bewaffneten Auseinandersetzungen Leopolds mit seinem Bruder Ernst „dem Eisernen“.","gender":"m","picture_url":"https://www.habsburger.net/files/styles/portrait/public/images/special/herzog_leopold_iv._mit_seiner_gemahlin_lithografie_1820_special.jpg","habsburg_ancestor":7}},{"model":"studyburgs.person","pk":11,"fields":{"first_name":"Ernst","ordinal_number":null,"name_suffix":"der Eiserne","date_of_birth":"1377-01-01","date_of_death":"1424-05-10","birthplace":"Bruck an der Mur","description":"Herzog von Steiermark, Kärnten und Krain ab 1406; ab 1414 führte er den Titel eines Erzherzogs. Ernst stritt mit seinen beiden älteren Brüdern Wilhelm und Leopold IV. um Anteile an der habsburgischen Herrschaft. Erst nach bewaffneten Auseinandersetzungen mit seinem Bruder Leopold erhielt er 1411 die Regierung in Innerösterreich. Dort förderte er die Städte sowie den Eisen- und Salzbergbau. Unter seiner Regentschaft setzte sich die Bezeichnung „Erzherzog“ für die habsburgischen Herzöge durch.","gender":"m","picture_url":"https://www.habsburger.net/files/styles/portrait/public/images/special/erzherzog_ernst_i._der_eiserne_mit_seinen_zwei_gemahlinnen_lithografie_1820_special.jpg","habsburg_ancestor":7}},{"model":"studyburgs.person","pk":12,"fields":{"first_name":"Friedrich","ordinal_number":"IV.","name_suffix":"mit der leeren Tasche","date_of_birth":"1382-01-01","date_of_death":"1439-05-24","birthplace":"Bruck an der Mur","description":"Herzog von Österreich; ab 1406 Landesfürst in Tirol. Friedrich wurde Anfang des 15. Jahrhunderts Landesfürst in den Vorlanden und in Tirol. Dort konnte er seine Herrschaft gegenüber den Adeligen langsam absichern. Die habsburgischen Stammgebiete in der Schweiz gingen jedoch unter seiner Regentschaft verloren. Die Tiroler Silbervorkommen brachten ihm finanzielle Absicherung. Sein Beiname „mit der leeren Tasche“ wurde von gegnerischen Adeligen geprägt.","gender":"m","picture_url":"https://www.habsburger.net/files/styles/portrait/public/images/special/herzog_friedrich_iv._von_tirol_mit_der_leeren_tasche_16._jahrhundert_special.jpg","habsburg_ancestor":7}},{"model":"studyburgs.person","pk":13,"fields":{"first_name":"Albrecht","ordinal_number":"V.","name_suffix":null,"date_of_birth":"1397-08-10","date_of_death":"1439-10-27","birthplace":"Wien","description":"Als Albrecht V. seit 1404 Herzog von Österreich; als Albrecht II. seit 1438 Römisch-Deutscher König; als Albrecht I. seit 1437 König von Ungarn und seit 1438 König von Böhmen. Wahlspruch: „Amicus optima vitae possessio - ein Freund ist das beste Besitztum im Leben“ Als Herzog von Österreich unterstützte Albrecht den römisch-deutschen Kaiser und böhmischen König Sigismund bei dessen Kampf gegen die revolutionäre Bewegung der Hussiten. Von Sigismund übernahm Albrecht auch die römisch-deutsche Königswürde, die fortan bis zum Untergang des Heiligen Römischen Reiches 1806 mit nur wenigen Jahren Unterbrechung bei den Habsburgern blieb. Als Herzog war Albrecht verantwortlich für die „Wiener Gesera“ 1420/21, die versuchte Vernichtung der jüdischen Gemeinden in Österreich.","gender":"m","picture_url":"https://www.habsburger.net/files/styles/portrait/public/images/special/koenig_albrecht_ii._16._jahrhundert_special.jpg","habsburg_ancestor":8}},{"model":"studyburgs.person","pk":14,"fields":{"first_name":"Friedrich","ordinal_number":"III.","name_suffix":null,"date_of_birth":"1415-09-21","date_of_death":"1493-08-19","birthplace":"Innsbruck","description":"Als Friedrich V. ab 1435 Herzog von Steiermark sowie ab 1457/63 (Erz-)Herzog von Österreich; als Friedrich IV. ab 1442 Römisch-Deutscher König bzw. als Friedrich III. seit der Krönung in Rom 1452 Kaiser des Heiligen Römischen Reiches. Motto: A.E.I.O.U. Friedrich war mit einer Regierungszeit von 53 Jahren der am längsten herrschende König bzw. Kaiser des Heiligen Römischen Reiches. Er war zwar nicht besonders durchschlagskräftig, aber beharrlich – viele seiner politischen Gegner konnte er auch dadurch besiegen, dass er sie überlebte. Berühmt wurde Friedrich III. durch seine Vorliebe für Buchstabensymbolik, sein oftmals verwendetes Zeichen „AEIOU“ hat eine Vielzahl von Deutungen erfahren.","gender":"m","picture_url":"https://www.habsburger.net/files/styles/portrait/public/images/special/kaiser_friedrich_iii._ende_15.__1._drittel_16._jahrhundert_special.jpg","habsburg_ancestor":11}},{"model":"studyburgs.person","pk":15,"fields":{"first_name":"Siegmund","ordinal_number":null,"name_suffix":"der Münzreiche","date_of_birth":"1427-10-26","date_of_death":"1493-03-04","birthplace":"Innsbruck","description":"Herzog, seit 1477 Erzherzog von Österreich; ab 1439 nomineller bzw. von 1446 bis 1490 regierender Landesfürst von Tirol und von 1463 bis 1490 Landesfürst in den Vorlanden. Siegmund (auch Sigismund) kam nach dem Tod seines Vaters Herzog Friedrichs IV. unter die Vormundschaft seines Cousins Kaiser Friedrichs III. 1446 übernahm er die Regentschaft in Tirol und den Vorlanden. Durch die Förderung des Bergbaus brachte er es zu einigem Reichtum, allerdings machte er auch hohe Schulden. 1490 geriet er in Bedrängnis und musste Tirol an König Maximilian I. übergeben. Wegen seiner ausufernden Hofhaltung erhielt er nach seinem Tod den Beinamen „der Münzreiche“. ","gender":"m","picture_url":"https://www.habsburger.net/files/styles/portrait/public/images/special/erzherzog_siegmund_der_muenzreiche_mit_seiner_ehemaligen_verlobten_und_seinen_beiden_gemahlinnen_lithografie_1820_special.jpg","habsburg_ancestor":12}},{"model":"studyburgs.person","pk":16,"fields":{"first_name":"Ladislaus","ordinal_number":null,"name_suffix":"Postumus","date_of_birth":"1440-02-22","date_of_death":"1457-11-23","birthplace":"Komorn","description":"Herzog von Österreich (nominell seit seiner Geburt, de facto ab 1452); als László V. König von Ungarn (Krönung 1440, tatsächliche Anerkennung durch die Stände erst 1444); als Ladislav I. Pohrobek König von Böhmen (Krönung 1453). Weil er erst nach dem Tod seines Vaters König Albrecht II. zur Welt kam, erhielt Ladislaus den Beinamen „Postumus“ – „der Nachgeborene“. Schon einige Wochen nach seiner Geburt wurde das Baby zum König von Ungarn gekrönt; die Vormundschaft wurde Ladislaus‘ Onkel, dem späteren Kaiser Friedrich III., übertragen. Mit 13 Jahren wurde Ladislaus auch zum König von Böhmen gekrönt. Er starb jedoch schon im Alter von 17 Jahren, vermutlich an der Pest.","gender":"m","picture_url":"https://www.habsburger.net/files/styles/portrait/public/images/special/koenig_ladislaus_postumus_pergament_auf_holz_1457_special.jpg","habsburg_ancestor":13}},{"model":"studyburgs.person","pk":17,"fields":{"first_name":"Maximilian","ordinal_number":"I.","name_suffix":"der letzte Ritter","date_of_birth":"1459-03-22","date_of_death":"1519-01-12","birthplace":"Wiener Neustadt","description":"ab 1477 Herzog von Burgund; ab 1493 Herrscher in den habsburgischen Erblanden; ab 1486 Römisch-Deutscher König bzw. ab 1508 Kaiser des Heiligen Römischen Reiches. Wahlspruch: „Per tot discrimina rerum - Durch so viele Gefahren“ Kaiser Maximilian I. legte mit seiner Kriegs- und Heiratspolitik den Grundstein für den habsburgischen Aufstieg zur europäischen Großmacht am Beginn der Neuzeit. Er residierte vor allem in Innsbruck, das während seiner Regentschaft ausgebaut wurde. Neben seinen umfassenden Herrschaftsansprüchen war er ein Förderer der Wissenschaften und Künste und diktierte zwei autobiographische Werke, die seine Stilisierung als „letzter Ritter“ dokumentieren. Er hinterließ einen Berg an Schulden.","gender":"m","picture_url":"https://www.habsburger.net/files/styles/portrait/public/images/special/albrecht_duerer_kaiser_maximilian_i._1519_special.jpg","habsburg_ancestor":14}},{"model":"studyburgs.person","pk":18,"fields":{"first_name":"Philipp","ordinal_number":"I.","name_suffix":"der Schöne","date_of_birth":"1478-06-22","date_of_death":"1506-09-26","birthplace":"Brügge","description":"Erzherzog von Österreich; Landesfürst der niederländisch-burgundischen Länder (ab 1493/94); als Prinzgemahl an der Seite seiner Gattin Johanna Mitregent in Kastilien (ab 1506). Philipp war der Sohn Kaiser Maximilians I. Er wurde in einer Doppelhochzeit mit der spanischen Infantin Johanna verheiratet, um ein Bündnis gegen das feindliche Frankreich zu besiegeln. Dank einer Reihe glücklicher Zufälle für die Habsburger wurde Philipp, der den Beinamen „der Schöne“ erhalten hat, König von Kastilien. Spanien und seine Nebenländer gingen damit auf die Habsburger über, sein Sohn Karl V. sollte dadurch über ein Weltreich herrschen.","gender":"m","picture_url":"https://www.habsburger.net/files/styles/portrait/public/images/special/meister_der_magdalenenlegende_koenig_philipp_i._der_schoene_um_1500_special.jpg","habsburg_ancestor":17}},{"model":"studyburgs.person","pk":19,"fields":{"first_name":"Karl","ordinal_number":"V.","name_suffix":null,"date_of_birth":"1500-02-24","date_of_death":"1558-09-21","birthplace":"Gent","description":"Regent der Niederlande ab 1506 bzw. 1515; als Karl I. ab 1516 König von Spanien; als Karl V. ab 1519 zunächst König, ab 1530 Kaiser des Heiligen Römischen Reiches bis zu seiner Abdankung 1556. Wahlspruch: \"plus ultra - immer (noch) weiter\" Karl V. war einer der mächtigsten europäischen Herrscher der Geschichte. Er regierte über Gebiete in Europa und Amerika. Innerhalb seines europäischen Herrschaftsbereichs musste er sich vor allem den Herausforderungen der religiösen Konflikte zwischen Katholizismus und Protestantismus stellen. Außerdem führte er zahlreiche Kriege gegen Frankreich und das Osmanische Reich. Er dankte schließlich als Kaiser ab, die Kaiserwürde ging somit an die österreichische Linie des Hauses Habsburg über.","gender":"m","picture_url":"https://www.habsburger.net/files/styles/portrait/public/images/special/tiziano_vecellio_genannt_tizian_kaiser_karl_v._im_harnisch_mitte_16._jahrhundert_special.jpg","habsburg_ancestor":18}},{"model":"studyburgs.person","pk":20,"fields":{"first_name":"Ferdinand","ordinal_number":"I.","name_suffix":null,"date_of_birth":"1503-03-10","date_of_death":"1564-07-25","birthplace":"Alcalá de Henares","description":"Erzherzog von Österreich, Infant von Spanien; Regent in den österreichischen Erblanden (ab 1521) und in Tirol (ab 1522); König von Böhmen und Ungarn (ab 1526); als Römischer König (ab 1531) Statthalter seines Bruders Kaiser Karl V. im Heiligen Römischen Reich; ab 1556 Kaiser des Heiligen Römischen Reiches bis zu seinem Tod 1564. Wahlspruch: \"Fiat Iustitia aut pereat mundus - Gerechtigkeit muss sein, sonst geht die Welt zugrunde\" Ferdinand I. erhielt durch Verträge mit seinem mächtigen Bruder Kaiser Karl V. die Erbländer der Habsburger in Mitteleuropa zugesprochen und begründete damit die österreichische Linie der Familie. Seine Verwaltungsreformen hatten nachhaltige Wirkung. Ferdinand ging radikal gegen seine Gegner vor und ließ mit dem Wiener Neustädter Blutgericht einige Mitglieder der ständischen Opposition hinrichten. Die habsburgischen Erblande teilte er mit seinem Testament auf seine drei Söhne auf. ","gender":"m","picture_url":"https://www.habsburger.net/files/styles/portrait/public/images/special/johann_bocksberger_der_aeltere_kaiser_ferdinand_i._mitte_16._jahrhundert_special.jpg","habsburg_ancestor":18}},{"model":"studyburgs.person","pk":21,"fields":{"first_name":"Philipp","ordinal_number":"II.","name_suffix":null,"date_of_birth":"1527-05-21","date_of_death":"1598-09-13","birthplace":"Valladolid","description":"als Philipp II. ab 1543 König von Spanien; als Philipp I. ab 1580 König von Portugal. Philipp wurde der Nachfolger seines Vaters als König von Spanien, das auch das burgundische Erbe, Gebiete in Italien, ab 1580 auch Portugal und das Kolonialreich der beiden iberischen Staaten umfasste. Unter seiner Regierung war die Macht Spaniens auf dem Höhepunkt (man spricht vom siglo d’oro, vom Goldenen Zeitalter, das bis ins späte 17. Jahrhundert dauerte). Philipps kulturellen Interessen lagen auf dem Gebiet der Sammlungen, Tiergärten und Gärten, er erweiterte die Residenzen in Madrid und Aranjuez und ließ den Escorial bauen. Seine religiösen Bestrebungen setzte er im Inneren mit Gewalt durch (brutale \"Ketzerverfolgungen\"), der Freiheitskampf der Niederlande war eine der Folgen seiner Politik. Die damit verknüpfte außenpolitische Auseinandersetzung mit England führte zum berühmten Untergang der spanischen Armada 1588.","gender":"m","picture_url":"https://www.habsburger.net/files/styles/portrait/public/images/special/sanchez_coello_koenig_philipp_ii._von_spanien_brustbild_in_spanischer_hoftracht_mit_dem_orden_vom_goldenen_vlies_special.jpg","habsburg_ancestor":19}},{"model":"studyburgs.person","pk":22,"fields":{"first_name":"Maximilian","ordinal_number":"II.","name_suffix":null,"date_of_birth":"1527-07-31","date_of_death":"1576-10-12","birthplace":"Wien","description":"Kaiser des Heiligen Römischen Reiches und Herrscher der Habsburgermonarchie (1564–1576). Wahlspruch: \"Providebit Deus - Gott wird schützen\" Maximilian II. sticht unter den zumeist streng katholischen Habsburgern als Ausnahme hervor: Er sympathisierte mit dem Protestantismus – zur Zeit der Reformation und Gegenreformation war das eine besonders sensible Angelegenheit. Maximilian erregte daher das Missfallen seiner Verwandten, vor allem seines Vaters Kaiser Ferdinand I. 1562 beugte er sich schließlich dem öffentlichen Druck und legte das Gelöbnis ab, sein Leben lang katholisch zu bleiben.","gender":"m","picture_url":"https://www.habsburger.net/files/styles/portrait/public/images/special/nicolas_neufchatel_kaiser_maximilian_ii._als_etwa_vierzigjaehriger_um_1566_special.jpg","habsburg_ancestor":20}},{"model":"studyburgs.person","pk":23,"fields":{"first_name":"Ferdinand","ordinal_number":"II.","name_suffix":"von Tirol","date_of_birth":"1529-06-14","date_of_death":"1595-01-24","birthplace":"Linz","description":"Erzherzog von Österreich; Statthalter in Böhmen (1547–1567); ab 1564 bis zu seinem Tod 1595 regierender Landesfürst in Tirol und den Vorlanden. Begründer der Ambraser Kunstsammlung. Von seinem Vater Ferdinand I. als Statthalter in Böhmen eingesetzt, herrschte er nach dessen Tod 1564 über Tirol und die Vorlande, wo er die Gegenreformation durchsetzte. Der kunstsinnige und gebildete Ferdinand war mit der Bürgerlichen Philippine Welser (1527–1580) verheiratet. Die Ehe wurde nur unter der Bedingung der Verschwiegenheit genehmigt, die Kinder waren nicht erbberechtigt. Er baute Schloss Ambras nahe Innsbruck aus, wo seine berühmte Kunst- und Wunderkammer untergebracht war.","gender":"m","picture_url":"https://www.habsburger.net/files/styles/portrait/public/images/special/vermutlich_francesco_terzio_erzherzog_ferdinand_ii._nach_1567_special.jpg","habsburg_ancestor":20}},{"model":"studyburgs.person","pk":24,"fields":{"first_name":"Karl","ordinal_number":"II.","name_suffix":null,"date_of_birth":"1540-06-03","date_of_death":"1590-07-10","birthplace":"Wien","description":"Erzherzog von Österreich, ab 1564 bis zu seinem Tod 1590 Landesfürst in Innerösterreich. Bei der Teilung der habsburgischen Länder unter den Söhnen Kaiser Ferdinands I. fiel dem jüngsten Sohn, Karl, die innerösterreichische Ländergruppe zu. Karl machte Graz zu seiner Residenz, von wo er die Türkenabwehr organisierte. Karls Regentschaft war dominiert vom Kräftemessen zwischen den mehrheitlich protestantischen Ständen und seinem von absolutistischen Tendenzen geprägten Bestreben, das Primat der katholischen Kirche aufrecht zu erhalten.","gender":"m","picture_url":"https://www.habsburger.net/files/styles/portrait/public/images/special/monogrammist_lp_erzherzog_karl_ii._mit_blick_auf_graz_1569_special.jpg","habsburg_ancestor":20}},{"model":"studyburgs.person","pk":25,"fields":{"first_name":"Philipp","ordinal_number":"III.","name_suffix":null,"date_of_birth":"1578-04-14","date_of_death":"1621-03-31","birthplace":"Madrid","description":"als Philipp III. ab 1598 König von Spanien, als Philipp II. ab 1598 König von Portugal. In der Zeit seiner Herrschaft war Spanien noch eine der dominierenden Mächte Europas, was allerdings auch mit gewaltigen Staatsschulden erkämpft wurde. Der als menschlich schwierig geltende König überließ einen großen Teil der Staatsgeschäfte seinem Günstling, dem Herzog von Lerma, der gewissermaßen in seinem Namen regierte. Lerma wird oft der „größte Dieb Spaniens“ genannt. Die Leidenschaften des Königs waren Jagen und Reiten, politisch bevorzugte Spanien eine Friedenspolitik in den Niederlanden, sowie gegenüber Frankreich und England.","gender":"m","picture_url":"https://www.habsburger.net/files/styles/portrait/public/images/special/andres_lopez_koenig_philipp_iii._von_spanien_nach_1617_special.jpg","habsburg_ancestor":21}},{"model":"studyburgs.person","pk":26,"fields":{"first_name":"Rudolf","ordinal_number":"II.","name_suffix":null,"date_of_birth":"1552-07-18","date_of_death":"1612-01-20","birthplace":"Wien","description":"Kaiser des Heiligen Römischen Reiches (1576–1612) und Herrscher über Teile der Habsburgermonarchie (in Ungarn 1572–1608; in den Böhmischen Ländern 1575/76–1608 bzw. 1611; im Erzherzogtum Österreich 1575/76–1608). Wahlspruch: \"Fulget Caesaris Astrum - Es leuchtet des Kaisers Stern\". Rudolf II. war in Spanien aufgewachsen. Nach seinem Regierungsantritt verlegte er seine Residenz von Wien nach Prag – die Stadt an der Moldau erlebte eine Blüte als politisches und kulturelles Zentrum. Rudolf förderte die Künste und Wissenschaften. Er ließ die habsburgische Hauskrone anfertigen, die 1804 zur Insignie des Kaisertums Österreich wurde. Politisch konnte er zunehmend weniger Einfluss nehmen und musste sich schließlich im „Bruderzwist“ seinem jüngeren Bruder Matthias geschlagen geben.","gender":"m","picture_url":"https://www.habsburger.net/files/styles/portrait/public/images/special/joseph_heintz_der_aeltere_kaiser_rudolf_ii._um_1592_special.jpg","habsburg_ancestor":22}},{"model":"studyburgs.person","pk":27,"fields":{"first_name":"Matthias","ordinal_number":null,"name_suffix":null,"date_of_birth":"1557-02-24","date_of_death":"1619-03-20","birthplace":"Wien","description":"Erzherzog von Österreich, ab 1608 Regent in Ungarn, Nieder- und Oberösterreich sowie Mähren; ab 1611 König von Böhmen; ab 1612 bis zu seinem Tod 1619 Kaiser des Heiligen Römischen Reiches. Wahlspruch: \"Concordia lumine Maior - Eintracht ist stärker als Licht\". Matthias war politisch sehr ehrgeizig und geriet deshalb in Konflikt mit Kaiser Rudolf II., seinem Bruder. Nach schweren Auseinandersetzungen („Bruderzwist“) stürzte Matthias seinen Bruder durch ein Bündnis mit den Ständen schließlich vom Thron. Als Kaiser konnte er jedoch keine entscheidenden Taten setzen – die ständischen und konfessionellen Konflikte steuerten auf einen großen Krieg zu, der 1618 in Böhmen ausbrach. Matthias starb wenig später. Da er keine Kinder hatte, folgte ihm sein Cousin Ferdinand II. nach.","gender":"m","picture_url":"https://www.habsburger.net/files/styles/portrait/public/images/special/lucas_i._van_valckenborch_kaiser_matthias_als_erzherzog_um_1583_special.jpg","habsburg_ancestor":22}},{"model":"studyburgs.person","pk":28,"fields":{"first_name":"Ferdinand","ordinal_number":"II.","name_suffix":null,"date_of_birth":"1578-07-09","date_of_death":"1637-02-15","birthplace":"Graz","description":"Erzherzog von Österreich; ab 1590 nominell Regent der innerösterreichischen Länder, 1596 tatsächliche Übernahme der Herrschaft; König von Böhmen (ab 1617 – mit Unterbrechung 1619–1620), König von Ungarn (ab 1618); ab 1619 Kaiser des Heiligen Römischen Reiches und Herrscher der Habsburgermonarchie bis zu seinem Tod 1637. Wahlspruch: \"Legitime Certantibus - mit den rechtmäßig Kämpfenden\". Ferdinand war ein kriegerischer und kompromissloser Regent: Als Landesfürst führte er zuerst in Innerösterreich mit aller Härte die Gegenreformation durch, „Reformationskommissionen“ zogen durch das Land. Inmitten der ständischen Rebellionen, die am Beginn des Dreißigjährigen Krieges standen, wurde Ferdinand II. zum Kaiser gewählt. Er konnte die Lage in Böhmen rasch zu seinen Gunsten lösen und setzte den Absolutismus durch. In seinen letzten Regierungsjahren musste er jedoch Rückschläge hinnehmen.","gender":"m","picture_url":"https://www.habsburger.net/files/styles/portrait/public/images/special/kaiser_ferdinand_ii._im_harnisch_um_1614_special.jpg","habsburg_ancestor":24}},{"model":"studyburgs.person","pk":29,"fields":{"first_name":"Leopold","ordinal_number":"V.","name_suffix":null,"date_of_birth":"1586-10-09","date_of_death":"1632-09-13","birthplace":"Graz","description":"Erzherzog von Österreich; Inhaber mehrfacher Bischofswürden (regierender Fürstbischof von Passau und Straßburg); 1619–1630 Statthalter in Tirol, ab 1630 regierender Landesfürst in Tirol und den Vorlanden bis zu seinem Tod 1632. Als nachgeborener Sohn Karls II. von Innerösterreich war für ihn ursprünglich eine kirchliche Karriere vorgesehen: Ohne jemals die Priesterweihe zu erhalten, wurde er zum Bischof von Passau und Straßburg bestimmt. Ehrgeizig, aber politisch nicht sonderlich begabt, stellte er sich im habsburgischen Bruderzwist auf die Seite Rudolfs II., wobei er aufgrund einiger desaströser Fehlentscheidungen diesem mehr schadete als nutzte. 1625 legte er seine geistlichen Würden nieder und vermählte sich im Jahr darauf mit Claudia von Medici. 1630 wurde ihm schließlich von seinem Bruder, Kaiser Ferdinand II., die Herrschaft in Tirol und den Vorlanden zugestanden, wo er eine habsburgische Nebenlinie begründete.","gender":"m","picture_url":"https://www.habsburger.net/files/styles/portrait/public/images/special/joseph_heintz_d._ae._erzherzog_leopold_v._im_geistlichen_gewand_1604_special.jpg","habsburg_ancestor":24}},{"model":"studyburgs.person","pk":30,"fields":{"first_name":"Philipp","ordinal_number":"IV.","name_suffix":null,"date_of_birth":"1605-04-08","date_of_death":"1665-09-17","birthplace":"Valladolid","description":"als Philipp IV. ab 1621 König von Spanien; als Philipp III. 1621–1640 König von Portugal. Seine Regierungszeit war eine Epoche der kulturellen Blüte Spaniens im \"Goldenen Zeitalter\", aber auch des politischen Niederganges dieser Großmacht, die von schweren wirtschaftlichen und gesellschaftlichen Krisen geschüttelt war. Außenpolitisch versuchte der König, an dessen Hof, wie an dem seines Vaters die Günstlinge, besonders Graf Olivares, den Ton angaben, den Besitzstand des Landes zu verteidigen. Die Vorlieben des Königs lagen beim Stierkampf, der Jagd und den Frauen, ihm werden große Zahlen an unehelichen Kindern zugeschrieben.","gender":"m","picture_url":"https://www.habsburger.net/files/styles/portrait/public/images/special/velazquez_koenig_philipp_iv._von_spanien_in_schwarzem_kleid_um_1632_special.jpg","habsburg_ancestor":25}},{"model":"studyburgs.person","pk":31,"fields":{"first_name":"Ferdinand","ordinal_number":"III.","name_suffix":null,"date_of_birth":"1608-07-13","date_of_death":"1657-08-02","birthplace":"Graz","description":"Erzherzog von Österreich; ab 1636 Kaiser des Heiligen Römischen Reiches und Herrscher der Habsburgermonarchie bis zu seinem Tod 1657. Wahlspruch: \"Pietate et iustitia - Frömmigkeit und Gerechtigkeit\". Ferdinand wurde früh an politische Aufgaben herangeführt. Während des Dreißigjährigen Krieges wurde er nach der Ermordung des Feldherrn Wallenstein nominell mit dem Oberbefehl über die kaiserlichen Truppen betraut. Gestärkt durch einige militärische Erfolge wurde er zum römischen König gewählt, kurz bevor sein Vater Ferdinand II. starb. Ihm folgte er als Kaiser nach und bemühte sich um einen Friedensschluss. Ferdinand begeisterte sich für die Künste, er war der erste komponierende Habsburgerkaiser.","gender":"m","picture_url":"https://www.habsburger.net/files/styles/portrait/public/images/special/frans_luycx_kaiser_ferdinand_iii._oelgemaelde_um_16371638_special.jpg","habsburg_ancestor":28}},{"model":"studyburgs.person","pk":32,"fields":{"first_name":"Ferdinand Karl","ordinal_number":null,"name_suffix":null,"date_of_birth":"1628-05-17","date_of_death":"1662-12-30","birthplace":"Innsbruck","description":"Erzherzog und Landesfürst in Tirol und den Vorlanden 1632 bis 1662 (zunächst ab 1632 unter Vormundschaft seiner Mutter, ab 1646 als Regent). Die Regierung Ferdinand Karls als Landesfürst von Tirol wird allgemein sehr kritisch gesehen: Er wird als rücksichtsloser Herrscher geschildert, der bei der Verfolgung seiner absolutistischen Politik Widerstände brutal beseitigte. Sein Innsbrucker Hof war von Günstlingswirtschaft und Verschwendungssucht geprägt. Da Ferdinand Karl ohne männliche Nachkommen starb, ging die Herrschaft in Tirol an seinen Bruder Sigismund Franz über.","gender":"m","picture_url":"https://www.habsburger.net/files/styles/portrait/public/images/special/franz_luycx_erzherzog_ferdinand_karl_nach_1646_special.jpg","habsburg_ancestor":29}},{"model":"studyburgs.person","pk":33,"fields":{"first_name":"Sigismund Franz","ordinal_number":null,"name_suffix":null,"date_of_birth":"1630-11-27","date_of_death":"1665-06-25","birthplace":"Innsbruck","description":"Inhaber mehrfacher Bischofswürden (Augsburg, Gurk, Trient); ab 1662 Landesfürst in Tirol und den Vorlanden bis zu seinem Tod 1665. Als jüngerer Bruder Ferdinand Karls von Tirol sollte Sigismund Franz ursprünglich eine kirchliche Laufbahn einschlagen. Nach dem Tod seines Bruders konnte er sich jedoch als dessen Nachfolger in Tirol durchsetzen, wo er einige vielversprechende Schritte zur Konsolidierung der Lage nach der desaströsen Regentschaft seines Bruders setzte. Nach dem Verzicht auf seine kirchlichen Ämter plante Sigismund Franz zur Sicherung der Nachfolge eine Heirat, starb jedoch vor der tatsächlichen Eheschließung. Die Tiroler Linie der Habsburger starb mit Sigismund Franz in männlicher Linie aus, und Tirol fiel an die Hauptlinie zurück.","gender":"m","picture_url":"https://www.habsburger.net/files/styles/portrait/public/images/special/giovanni_maria_morandi_erzherzog_sigismund_franz_im_harnisch_vor_1664_special.jpg","habsburg_ancestor":29}},{"model":"studyburgs.person","pk":34,"fields":{"first_name":"Karl","ordinal_number":"II.","name_suffix":null,"date_of_birth":"1661-11-06","date_of_death":"1700-11-01","birthplace":"Madrid","description":"Folgte seinem Vater Philipp IV. mit vier Jahren auf dem Thron. Er gilt als Sinnbild der Dekadenz Spaniens im 17. Jahrhundert und als Auswuchs der ständigen Verwandtschaftsehen zwischen den beiden Linien des Hauses Habsburg. Karl (genannt „der Behexte“) war weder körperlich noch geistig der Aufgabe des Regenten gewachsen, fast sein ganzes Leben beherrschte ihn seine Mutter, Erzherzogin Maria Anna. Schon zu seinen Lebzeiten gab es Spekulationen über die Aufteilung des spanischen Erbes, durch seinen kinderlosen Tod wurde der spanische Erbfolgekrieg ausgelöst.","gender":"m","picture_url":"https://www.habsburger.net/files/styles/portrait/public/images/special/juan_carreno_de_miranda_koenig_karl_ii._von_spanien_special.jpg","habsburg_ancestor":25}},{"model":"studyburgs.person","pk":35,"fields":{"first_name":"Ferdinand","ordinal_number":"IV.","name_suffix":null,"date_of_birth":"1633-09-08","date_of_death":"1654-07-09","birthplace":"Wien","description":"Schon früh wurde Erzherzog Ferdinand von seinem Vater, Kaiser Ferdinand III., zum Nachfolger aufgebaut. Noch als Jugendlicher wurde er zum König von Böhmen (1646) und zum König von Ungarn (1647) gekrönt, im Alter von 19 Jahren wurde er zum römisch-deutschen König gewählt. Allerdings blieb es ihm verwehrt tatsächlich die Herrschaft anzutreten, denn er starb noch vor seinem Vater als junger Mann an den Pocken. Sein Bruder Leopold folgte ihm nach.","gender":"m","picture_url":"https://www.habsburger.net/files/styles/portrait/public/specialimages/ferdinand_interface_0.png","habsburg_ancestor":31}},{"model":"studyburgs.person","pk":36,"fields":{"first_name":"Leopold","ordinal_number":"I.","name_suffix":null,"date_of_birth":"1640-06-09","date_of_death":"1705-05-05","birthplace":"Wien","description":"Wahlspruch: „Consilio et Industria - durch Klugheit und Beharrlichkeit “Leopold I. wurde bereits sehr jung König von Böhmen und Ungarn, da sein Bruder Ferdinand IV. überraschend starb. Er wäre eigentlich für eine geistliche Laufbahn vorgesehen gewesen und genoss daher eine streng religiöse Erziehung, die ihn zum Befürworter der Gegenreformation machte. Während seiner langen Regentschaft führte die Habsburgermonarchie zahlreiche Kriege gegen Frankreich, das Osmanische Reich und innere Gegner in Ungarn. Als barocker Herrscher förderte Leopold die Künste, er interessierte sich besonders für Musik.","gender":"m","picture_url":"https://www.habsburger.net/files/styles/portrait/public/images/special/benjamin_von_block_kaiser_leopold_i._im_harnisch_um_1672_special.jpg","habsburg_ancestor":31}},{"model":"studyburgs.person","pk":37,"fields":{"first_name":"Joseph","ordinal_number":"I.","name_suffix":null,"date_of_birth":"1678-07-26","date_of_death":"1711-04-19","birthplace":"Wien","description":"Als Joseph I. ab 1689 Römischer König bzw. ab 1705 Kaiser des Heiligen Römischen Reiches und Herrscher der Habsburgermonarchie bis zu seinem Tod 1711. Wahlspruch: „Amore et Timore - Durch Liebe und Furcht“\n\nDer „junge Hof“ um den ehrgeizigen Joseph drängte schon während der Regentschaft Kaiser Leopolds I. auf politische Neuerungen; der Eintritt in den Spanischen Erbfolgekrieg war ein Resultat dieses Einflusses. Nach seinem Regierungsantritt als Kaiser versuchte Joseph I. weitere ambitionierte Reformen durchzusetzen. Der Krieg dominierte jedoch seine kurze Regierungszeit. Sein überraschender Tod veränderte die Kriegslage völlig und führte dazu, dass die Habsburger Spanien aufgeben mussten.","gender":"m","picture_url":"https://www.habsburger.net/files/styles/portrait/public/images/special/joseph_i._als_jugendlicher_herrscher_im_harnisch_oelgemaelde_um_1700_special.jpg","habsburg_ancestor":36}},{"model":"studyburgs.person","pk":38,"fields":{"first_name":"Karl","ordinal_number":"VI.","name_suffix":null,"date_of_birth":"1685-10-01","date_of_death":"1740-10-20","birthplace":"Wien","description":"Als Karl III. 1703–1713/14 König von Spanien (als Gegenkönig zu Philipp V. von Anjou-Bourbon); als Karl VI. ab 1711 bis zu seinem Tod 1740 Kaiser des Heiligen Römischen Reiches und Herrscher der Habsburgermonarchie. Wahlspruch: „Constanter continet orbem - Fest hält er das Weltreich zusammen“\n\nKarl wurde 1703 zum Erben der spanischen Habsburger bestimmt, verlor jedoch im Erbfolgekrieg diese Krone. Seinem verstorbenen Bruder Joseph I. folgte Karl VI. als barocker Kaiser nach, der großen Wert auf das Zeremoniell legte. Er war darauf bedacht, die habsburgische Großmacht in Europa abzusichern. Wichtigstes Instrument dafür war die Pragmatische Sanktion, die das habsburgische Reich erstmals als Gesamteinheit konzipierte und die Voraussetzung für die Erbfolge Maria Theresias war.","gender":"m","picture_url":"https://www.habsburger.net/files/styles/portrait/public/images/special/johann_gottfried_auerbach_kaiser_karl_vi._oelgemaelde_um_1735_special.jpg","habsburg_ancestor":36}},{"model":"studyburgs.person","pk":39,"fields":{"first_name":"Maria Theresia","ordinal_number":null,"name_suffix":null,"date_of_birth":"1717-05-13","date_of_death":"1780-11-29","birthplace":"Wien","description":"Wahlspruch: „Iustitia et Clementia - Durch Gerechtigkeit und Milde/“ Maria Theresia war die bedeutendste Herrscherin des aufgeklärten Absolutismus und eine der berühmtesten Habsburgerinnen. Sie übernahm nach dem Tod ihres Vaters Karl VI. die Regierung und setzte zahlreiche langlebige Reformen durch. Dabei zeigte sich die strenggläubige Katholikin gegenüber Angehörigen anderer Konfessionen wenig tolerant. Ihrem Gatten Franz I. Stephan gebar sie 16 Kinder, sie wurde deshalb in der Folge zu einer symbolträchtigen Mutterfigur hochstilisiert.","gender":"m","picture_url":"https://www.habsburger.net/files/styles/portrait/public/images/special/umkreis_von_martin_van_meytens_maria_theresia_als_koenigin_von_ungarn_oelgemaelde_um_1745_special.jpg","habsburg_ancestor":36}},{"model":"studyburgs.person","pk":40,"fields":{"first_name":"Joseph","ordinal_number":"II.","name_suffix":null,"date_of_birth":"1741-03-13","date_of_death":"1790-02-20","birthplace":"Wien","description":"Wahlspruch: „Virtute et Exemplo - Durch Tugend und Beispiel/“ Joseph II. ist einer der bekanntesten Vertreter des aufgeklärten Absolutismus. Er war ein den Ideen des aufgeklärten Rationalismus verpflichteter Monarch, der zahlreiche, zum Teil tief greifende Reformen im Sinne der „Nützlichkeit“ in der Habsburgermonarchie durchführte. Auf dem Gebiet des Rechtswesens, der Medizin, in der Administration und in der Religionspolitik, aber auch im Bereich des Theaters und Musiktheaters setzte er wichtige Impulse, die zum Teil noch lange fortwirkten.","gender":"m","picture_url":"https://www.habsburger.net/files/styles/portrait/public/images/special/pompeo_batoni_joseph_ii._und_sein_bruder_leopold_grossherzog_der_toskana_in_rom_oelgemaelde_1769_special.jpg","habsburg_ancestor":39}},{"model":"studyburgs.person","pk":41,"fields":{"first_name":"Leopold","ordinal_number":"II.","name_suffix":null,"date_of_birth":"1747-05-05","date_of_death":"1792-03-01","birthplace":"Wien","description":"Wahlspruch: „Pietate et Concordia - durch Frömmigkeit und Eintracht/“Leopold II. war ein reformbereiter Herrscher. Als „Pietro Leopoldo“ übernahm er nach dem Tod seines Vaters Franz I. Stephan die Herrschaft im Großherzogtum Toskana. Nach dem Tod seines Bruders Joseph II. folgte er als Herrscher in den Erblanden und als Kaiser nach. Er starb zwar schon eineinhalb Jahre nach seiner Thronbesteigung, hinterließ jedoch 16 Kinder, die die habsburg-lothringische Dynastie fortsetzten. Von seinem Bruder Joseph II. wurde er daher „der treffliche Bevölkerer“ genannt.","gender":"m","picture_url":"https://www.habsburger.net/files/styles/portrait/public/images/special/kaiser_leopold_ii._oel_auf_leinwand_1._haelfte_19._jahrhundert_special.jpg","habsburg_ancestor":39}},{"model":"studyburgs.person","pk":42,"fields":{"first_name":"Franz","ordinal_number":"II./I.","name_suffix":null,"date_of_birth":"1768-02-12","date_of_death":"1835-03-02","birthplace":"Florenz","description":"Wahlspruch: „Iustitia Regnorum Fundamentum - Gerechtigkeit ist die Grundlage der Königreiche/“ Franz II. war der letzte Kaiser des Heiligen Römischen Reiches Deutscher Nation. Nachdem Napoleon ein französisches Kaiserreich ausgerufen hatte, begründete Franz 1804 das erbliche Kaisertum Österreich und war als Franz I. (1804–1835) der erste Kaiser von Österreich. Am 6. August 1806 dankte Franz als Kaiser des Heiligen Römischen Reiches ab, dessen Existenz damit nach 844 Jahren ihr Ende fand.","gender":"m","picture_url":"https://www.habsburger.net/files/styles/portrait/public/images/special/friedrich_von_amerling_kaiser_franz_ii.i._im_ornat_des_ordens_vom_goldenen_vlies_oelgemaelde_1832_special.jpg","habsburg_ancestor":41}},{"model":"studyburgs.person","pk":43,"fields":{"first_name":"Ferdindand","ordinal_number":"III.","name_suffix":"von Toskana","date_of_birth":"1769-05-06","date_of_death":"1824-06-16","birthplace":"Florenz","description":"Ferdinand folgte 1791 seinem Vater Leopold, nachdem dieser Kaiser geworden war, als Herrscher in der Toskana nach. Ferdinands Leben war geprägt von den politischen Umwälzungen im Gefolge der Französischen Revolution. Von den französischen Truppen aus der Toskana vertrieben, wurde zu einem Spielball der Großmächte, bevor er schließlich als erklärter Gegner der Ideale der Französischen Revolution durch den Wiener Kongress wieder als Herrscher in der Toskana installiert wurde. Auf ihn geht eine weitverzweigte habsburgische Nebenlinie („Habsburg-Toskana/“) zurück.","gender":"m","picture_url":"https://www.habsburger.net/files/styles/portrait/public/images/special/joseph_dorffmeister_grossherzog_ferdinand_iii._in_seiner_bibliothek_sitzend_1797_special.jpg","habsburg_ancestor":41}},{"model":"studyburgs.person","pk":44,"fields":{"first_name":"Ferdinand","ordinal_number":"I.","name_suffix":null,"date_of_birth":"1793-04-19","date_of_death":"1875-06-29","birthplace":"Wien","description":"Wahlspruch: „Recta tueri - das Rechte schützen/“ Der führungsschwache Ferdinand stand während seiner Regentschaft im Schatten seines Staatskanzlers Fürst Metternich und der sogenannten Geheimen Staatskonferenz, die zu seiner „Entlastung“ eingerichtet worden war. Nach seiner Abdankung 1848 zugunsten seines Neffen Franz Joseph zog sich Ferdinand nach Prag zurück, wo er sich vor allem seinen wirtschaftlichen Interessen und der Gartenarbeit widmete. Von den Böhmen als letzter gekrönter König verehrt, starb er am 29. Juni 1875 in Prag.","gender":"m","picture_url":"https://www.habsburger.net/files/styles/portrait/public/images/special/leopold_kupelwieser_kaiser_ferdinand_i._im_ornat_des_ordens_vom_goldenen_vlies_1847_special.jpg","habsburg_ancestor":42}},{"model":"studyburgs.person","pk":45,"fields":{"first_name":"Franz Karl","ordinal_number":null,"name_suffix":null,"date_of_birth":"1802-12-07","date_of_death":"1878-03-08","birthplace":"Wien","description":"Der Sohn von Kaiser Franz II./I. und jüngere Bruder von Kaiser Ferdinand I. war Mitglied der Geheimen Staatskonferenz, die von 1836–1848 die Regierung für seinen kaiserlichen Bruder führte. Nach der Abdankung Ferdinands I. 1848 verzichtete Franz Karl zugunsten seines ältesten Sohns Franz Joseph auf die Thronfolge. Anders als seine Gattin Sophie konnte er nur wenig Einfluss ausüben, für Politik interessierte er sich kaum. Stattdessen kümmerte er sich lieber um Privates, er war zutiefst religiös.","gender":"m","picture_url":"https://www.habsburger.net/files/styles/portrait/public/images/special/erzherzog_franz_karl_stahlstich_mit_seiner_eigenhaendigen_unterschrift_special.jpg","habsburg_ancestor":42}},{"model":"studyburgs.person","pk":46,"fields":{"first_name":"Franz Joseph","ordinal_number":"I.","name_suffix":null,"date_of_birth":"1830-08-18","date_of_death":"1916-11-21","birthplace":"Wien","description":"Wahlspruch: „Viribus Unitis - Mit vereinten Kräften/ “Franz Joseph bestieg 1848 den Thron des Kaisertums Österreich. Sein Herrschaftsverständnis war von großem Pflicht- und Sendungsbewusstsein geprägt. Nach den Wirren der Revolution 1848 war er bestrebt, die Legitimität der monarchischen Herrschaft durchzusetzen und den auseinanderbrechenden Vielvölkerstaat zusammenzuhalten. Dabei sah er sich zu weitreichenden Konzessionen gezwungen, wie der Schaffung der Doppelmonarchie durch den Ausgleich mit Ungarn 1867 und der Zustimmung zu einer Verfassung.","gender":"m","picture_url":"https://www.habsburger.net/files/styles/portrait/public/images/special/kaiser_franz_joseph_i._oelgemaelde_um_1910_special.jpg","habsburg_ancestor":45}},{"model":"studyburgs.person","pk":47,"fields":{"first_name":"Rudolf","ordinal_number":null,"name_suffix":null,"date_of_birth":"1858-08-21","date_of_death":"1889-01-30","birthplace":"Wien","description":"Kronprinz Rudolf gilt als tragische Figur der untergehenden Monarchie. Mit seinen im Vergleich zu seinem Vater Franz Joseph progressiven Ideen konnte sich der Thronfolger im dynastischen Umfeld kaum durchsetzen. Bei den konservativen „Hardlinern“ wie Erzherzog Albrecht stieß er auf Widerstand. Auf seine Anregung entstand das Werk „Die österreichisch-ungarische Monarchie in Wort und Bild“. Rudolf beging Selbstmord in Mayerling: Er erschoss zuerst seine Geliebte Mary Vetsera und dann sich selbst.","gender":"m","picture_url":"https://www.habsburger.net/files/styles/portrait/public/images/special/heinrich_von_angeli_kronprinz_rudolf_im_flottenrock_mit_dem_orden_vom_goldenen_vlies_oelgemaelde_1885_special.jpg","habsburg_ancestor":46}},{"model":"studyburgs.person","pk":48,"fields":{"first_name":"Karl Ludwig","ordinal_number":null,"name_suffix":null,"date_of_birth":"1833-07-30","date_of_death":"1896-05-19","birthplace":"Wien","description":"Karl Ludwig stand zeitlebens im Schatten seiner älteren Brüder, Kaiser Franz Joseph und Maximilian von Mexiko. Als strenggläubiger Katholik trat er vor allem als energischer Anhänger des anitliberalen Klerikalismus in Erscheinung. Karl Ludwig, der sich in späteren Jahren vollständig aus der Politik zurückzog, übernahm als Repräsentant des Kaiserhauses den Ehrenschutz über zahlreiche Ausstellungen und Vereine („Ausstellungs-Erzherzog“). Auf Karl Ludwig geht die heutige Hauptlinie des Hauses Habsburg zurück.","gender":"m","picture_url":"https://www.habsburger.net/files/styles/portrait/public/images/special/josef_kriehuber_erzherzog_karl_ludwig_lithographie_1862_special.jpg","habsburg_ancestor":45}},{"model":"studyburgs.person","pk":49,"fields":{"first_name":"Maximilian","ordinal_number":"IV.","name_suffix":"dasf","date_of_birth":"2021-01-20","date_of_death":"2021-01-27","birthplace":"graz","description":"nicetest","gender":"m","picture_url":"https://www.hotel-vendome-nice.com/wp-content/uploads/2019/07/vendome-nice-slider3-min.jpg","habsburg_ancestor":48}},{"model":"studyburgs.studyburgsuser","pk":1,"fields":{"password":"pbkdf2_sha256$216000$x4gJwSmi0awF$L7xODxJGavrHJn1H8So37UbEoe4f62ITOY8apRBIALQ=","last_login":"2021-01-28T10:45:13.922Z","is_superuser":true,"username":"admin","first_name":"","last_name":"","email":"admin@admin.at","is_staff":true,"is_active":true,"date_joined":"2021-01-27T11:50:19Z","progress":0.0,"groupsReference":"Admins","groups":[1],"user_permissions":[]}},{"model":"studyburgs.studyburgsuser","pk":2,"fields":{"password":"pbkdf2_sha256$216000$E9tHzqMUQKf9$guMcWdP6V4ftc/VN7RvhaPb2jO+Pkyj9se2//N8RoLM=","last_login":null,"is_superuser":false,"username":"HansLehrer","first_name":"","last_name":"","email":"","is_staff":false,"is_active":true,"date_joined":"2021-01-28T09:38:36Z","progress":0.0,"groupsReference":"Teacher","groups":[2],"user_permissions":[]}},{"model":"studyburgs.studyburgsuser","pk":3,"fields":{"password":"pbkdf2_sha256$216000$868d0unoIl7N$i9ISOlgSditQrRbY4AU1jLMRSzdQRqFYZnfhp4Aoz7I=","last_login":null,"is_superuser":false,"username":"PeterStudent","first_name":"","last_name":"","email":"","is_staff":false,"is_active":true,"date_joined":"2021-01-28T09:39:24Z","progress":8.16,"groupsReference":"student","groups":[3],"user_permissions":[]}},{"model":"studyburgs.studyburgsuser","pk":4,"fields":{"password":"pbkdf2_sha256$216000$0X0IIsNbFWSl$UYHWx+5TvW4RnY8NHn2szNksOQnWrq5/+cW6Q/nfTCE=","last_login":null,"is_superuser":false,"username":"JuliaStudent","first_name":"","last_name":"","email":"","is_staff":false,"is_active":true,"date_joined":"2021-01-28T09:49:14Z","progress":6.12,"groupsReference":"student","groups":[3],"user_permissions":[]}},{"model":"studyburgs.notes","pk":2,"fields":{"content":"Karl ist so oft da","title":"Karl V test","creation_date_time":"2021-01-28T10:49:00Z","note_for_user":3,"note_for_person":19}},{"model":"studyburgs.notes","pk":3,"fields":{"content":"Friedrich ist sehr friedlich","title":"Friedrich test","creation_date_time":"2021-01-28T10:50:00Z","note_for_user":4,"note_for_person":14}},{"model":"studyburgs.notes","pk":4,"fields":{"content":"Karl der V ist ein test","title":"Test Karl V","creation_date_time":"2021-01-28T10:51:00Z","note_for_user":4,"note_for_person":19}},{"model":"studyburgs.learned","pk":1,"fields":{"state":true,"learned_person":6,"learned_for_user":3}},{"model":"studyburgs.learned","pk":2,"fields":{"state":true,"learned_person":10,"learned_for_user":3}},{"model":"studyburgs.learned","pk":3,"fields":{"state":true,"learned_person":23,"learned_for_user":3}},{"model":"studyburgs.learned","pk":4,"fields":{"state":true,"learned_person":19,"learned_for_user":3}},{"model":"studyburgs.learned","pk":5,"fields":{"state":true,"learned_person":14,"learned_for_user":4}},{"model":"studyburgs.learned","pk":6,"fields":{"state":true,"learned_person":19,"learned_for_user":4}},{"model":"studyburgs.learned","pk":7,"fields":{"state":true,"learned_person":5,"learned_for_user":4}}]